highlevel_topic,sublevel_topic
algorithms,by_data_structure.arrays
algorithms,by_data_structure.linked_lists
algorithms,by_data_structure.stacks
algorithms,by_data_structure.queues
algorithms,by_data_structure.trees
algorithms,by_data_structure.graphs
algorithms,by_data_structure.hash_tables
algorithms,by_data_structure.heaps
algorithms,by_data_structure.strings
algorithms,by_data_structure.advanced_data_structures
algorithms,by_topic.dynamic_programming
algorithms,by_topic.famous_algorithms
algorithms,by_topic.greedy_algorithms
algorithms,by_topic.recursion
algorithms,by_topic.searching
algorithms,by_topic.sorting
algorithms,by_topic.math
algorithms,by_topic.bit_manipulation
algorithms,by_topic.geometry
algorithms,by_topic.probability
algorithms,by_topic.game_theory
algorithms,by_topic.divide_and_conquer
algorithms,by_topic.backtracking
algorithms,by_topic.counting
algorithms,by_topic.statistics
algorithms,by_topic.combinatorics
algorithms,by_topic.union_find
algorithms,by_topic.sliding_window
algorithms,by_topic.path_finding
algorithms,by_topic.two_pointers
algorithms,by_topic.sampling
python_language_and_scripting,basic_python_syntax
python_language_and_scripting,functions_and_modules
python_language_and_scripting,file_handling
python_language_and_scripting,object_oriented_programming
python_language_and_scripting,scripting_and_automation
python_language_and_scripting,data_handling_manipulation
python_language_and_scripting,decorators
python_language_and_scripting,generators_and_iterators
python_language_and_scripting,context_managers
python_language_and_scripting,pythonic_code
python_language_and_scripting,python_2_vs_3
python_language_and_scripting,modules_and_packages
python_language_and_scripting,python_standard_library
python_language_and_scripting,metaclasses_and_class_factories
python_language_and_scripting,descriptors
python_language_and_scripting,dynamic_programming_and_closures
python_language_and_scripting,memory_management_and_python_internals
python_language_and_scripting,functional_programming_features
python_language_and_scripting,type_hinting
python_language_and_scripting,advanced_exception_handling
python_language_and_scripting,python_c_extensions
python_language_and_scripting,advanced_networking
python_language_and_scripting,data_serialization_and_marshaling
python_language_and_scripting,cython_and_PyPy
python_language_and_scripting,parallel_programming
python_language_and_scripting,virtual_environments
python_language_and_scripting,logging
python_language_and_scripting,packaging
unit_testing_methodology,unit_testing_basics
unit_testing_methodology,testing_frameworks
unit_testing_methodology,test_driven_development
unit_testing_methodology,mocking_and_patching
unit_testing_methodology,integration_testing
unit_testing_methodology,code_coverage
unit_testing_methodology,best_practices_in_writing_test_cases
unit_testing_methodology,test_ai_and_ml_models
unit_testing_methodology,performance_testing
unit_testing_methodology,security_testing
unit_testing_methodology,testing_asynchronous_code
unit_testing_methodology,testing_database_interaction
unit_testing_methodology,data_quality_tests
web_development,fundamentals
web_development,python_frameworks
web_development,web_scraping
web_development,web_crawling
web_development,web_servers
web_development,web_security
web_development,web_performance
web_development,web_design
web_development,web_development_tools
web_development,web_services
web_development,web_development_best_practices
web_development,web_development_trends
web_development,web_development_interview_questions
data_analysis,csv_handling
data_analysis,data_cleaning
data_analysis,data_grouping_aggregation
data_analysis,data_visualization
data_analysis,time_series_analysis
data_analysis,data_merging_joining
data_analysis,json_parsing
data_analysis,pivot_tables_usage
data_analysis,sql_query_with_pandas
data_analysis,duplicate_data_identification
ml_principles,train_test_split
ml_principles,data_normalization_scaling
ml_principles,linear_regression_implementation
ml_principles,knn_classification
ml_principles,model_accuracy_assessment
ml_principles,cross_validation_application
ml_principles,feature_selection_techniques
ml_principles,hyperparameter_tuning
ml_principles,decision_trees_usage
ml_principles,neural_networks_implementation
deep_learning,neural_network_concepts
deep_learning,optimization_algorithms
deep_learning,loss_functions
deep_learning,backpropagation_understanding
deep_learning,activation_functions
deep_learning,regularization_techniques
deep_learning,convolutional_neural_networks
deep_learning,recurrent_neural_networks
deep_learning,transfer_learning
deep_learning,deep_learning_frameworks
database,relational_database_design
database,no_sql_database_concepts
database,sql_query_optimization
database,transaction_management
database,database_normalization
database,indexing_and_search_performance
database,data_replication_strategies
database,database_backup_and_recovery
database,cloud_database_solutions
database,database_security_best_practices
debugging_and_tracing,
everyday_use_cases,
high_school,math
high_school,physics
high_school,programming
high_school,accounting
high_school,economics
